id;nom;description;niveau;date
1;reciprocal Bike;Mississippi invoice;Granite Shoal Botswana;2024-11-24T22:11:29
2;Brand;quantifying;Valleys;2024-11-25T15:53:28
3;enable Music;Internal transmitting;Tugrik synthesize emulation;2024-11-25T05:18:30
4;global;Tasty;copying;2024-11-25T15:05:51
5;invoice AI;Borders;Tasty;2024-11-25T03:05:50
6;Producer;Practical invoice Krona;Borders deposit;2024-11-25T09:36:19
7;Account open-source Guadeloupe;Ameliorated;USB Grocery Generic;2024-11-25T18:09:33
8;Steel bandwidth seize;withdrawal;deposit;2024-11-25T10:57:53
9;neural copy;Tala service-desk USB;frictionless hack;2024-11-25T17:20:12
10;hacking open-source;Michigan;SSL Licensed;2024-11-24T21:07:51
