id;start_date;end_date;title;description;place
1;2024-11-25;2024-11-25;Georgia Harbor;capacitor SCSI;grow Interactions
2;2024-11-25;2024-11-25;Parkway bi-directional Oklahoma;solution Dinar;Granite overriding
3;2024-11-25;2024-11-25;copy facilitate;SMS;eyeballs implement
4;2024-11-25;2024-11-24;Ball Cyprus synthesize;Licensed Libyan;Clothing
5;2024-11-25;2024-11-25;leading-edge;composite Granite;framework
6;2024-11-25;2024-11-25;Berkshire Drives Wooden;Functionality TCP sensor;generate Director
7;2024-11-25;2024-11-25;e-business action-items;Operations Borders Bedfordshire;out-of-the-box
8;2024-11-25;2024-11-24;index;lavender Mobility withdrawal;Metal calculate
9;2024-11-25;2024-11-25;Franc Sports Clothing;up transparent cross-platform;Oregon multi-byte
10;2024-11-25;2024-11-25;Orchestrator;syndicate Specialist;Island monitor
